﻿Person_ID;Height;Weight;Age;Gender
Person_0001;179;63;26;Male
Person_0002;164;82;39;Male
Person_0003;162;80;29;Male
Person_0004;171;44;45;Male
Person_0005;185;64;74;Male
Person_0006;169;39;42;Female
Person_0007;178;NA;56;Male
Person_0008;166;80;72;Male
Person_0009;154;93;49;Male
Person_0010;176;61;47;Male
Person_0011;178;78;20;Male
Person_0012;175;47;75;Male
Person_0013;186;96;24;Male
Person_0014;181;73;65;Male
Person_0015;178;NA;31;Male
Person_0016;168;77;27;Female
Person_0017;166;71;80;Female
Person_0018;160;65;55;Female
Person_0019;181;86;33;Male
Person_0020;148;78;59;Male
Person_0021;189;NA;56;Female
Person_0022;159;80;37;Female
Person_0023;184;60;26;Female
Person_0024;181;70;41;Male
Person_0025;174;56;39;Male
Person_0026;173;72;70;Male
Person_0027;163;84;80;Male
Person_0028;167;75;67;Female
Person_0029;162;57;73;Female
Person_0030;164;82;32;Male
Person_0031;166;90;61;Male
Person_0032;173;73;27;Male
Person_0033;174;78;30;Male
Person_0034;163;61;52;Male
Person_0035;154;72;39;Male
Person_0036;161;60;52;Female
Person_0037;178;63;31;Male
Person_0038;168;82;21;Female
Person_0039;169;96;18;Male
Person_0040;160;81;75;Male
Person_0041;166;69;65;Male
Person_0042;164;63;74;Female
Person_0043;182;67;74;Male
Person_0044;174;53;41;Male
Person_0045;182;72;80;Female
Person_0046;183;49;33;Female
Person_0047;153;70;58;Male
Person_0048;174;49;39;Female
Person_0049;179;82;39;Male
Person_0050;171;84;64;Female
Person_0051;166;63;29;Female
Person_0052;165;70;34;Female
Person_0053;158;61;28;Female
Person_0054;182;57;46;Male
Person_0055;159;74;73;Male
Person_0056;172;70;37;Male
Person_0057;185;77;74;Female
Person_0058;183;33;50;Female
Person_0059;159;64;18;Female
Person_0060;175;101;19;Female
Person_0061;177;54;59;Female
Person_0062;167;56;35;Female
Person_0063;162;62;63;Female
Person_0064;160;74;20;Female
Person_0065;157;62;42;Female
Person_0066;186;46;59;Female
Person_0067;162;38;60;Female
Person_0068;163;80;46;Female
Person_0069;185;81;76;Female
Person_0070;185;64;73;Male
Person_0071;172;88;42;Male
Person_0072;164;78;75;Female
Person_0073;157;64;45;Male
Person_0074;170;66;57;Female
Person_0075;193;53;60;Male
Person_0076;153;81;59;Female
Person_0077;184;59;57;Male
Person_0078;188;89;71;Female
Person_0079;182;61;35;Male
Person_0080;153;85;75;Female
Person_0081;177;88;58;Female
Person_0082;185;73;46;Male
Person_0083;179;76;21;Male
Person_0084;187;64;47;Female
Person_0085;169;46;20;Female
Person_0086;156;69;26;Male
Person_0087;163;71;18;Female
Person_0088;169;61;53;Female
Person_0089;185;82;22;Male
Person_0090;163;73;73;Female
Person_0091;173;50;42;Male
Person_0092;169;98;32;Male
Person_0093;172;42;76;Female
Person_0094;165;84;21;Male
Person_0095;164;70;41;Female
Person_0096;166;64;37;Male
Person_0097;179;64;52;Female
Person_0098;178;54;37;Male
Person_0099;160;67;50;Male
Person_0100;163;51;44;Female
