{"chunk_definitions":[{"row":15,"row_count":1,"visible":true,"expansion_state":0,"options":{"engine":"r","label":"setup","include":false,"dev":"png"},"document_id":"45441B39","chunk_id":"csetup_chunk","chunk_label":"setup"},{"row":41,"row_count":1,"visible":true,"expansion_state":0,"options":{"engine":"r","label":"unnamed-chunk-40","dev":"png"},"document_id":"45441B39","chunk_id":"crzmwr94y6d9s","chunk_label":"unnamed-chunk-1"},{"row":92,"row_count":1,"visible":true,"expansion_state":0,"options":{"engine":"r","label":"unnamed-chunk-41","dev":"png"},"document_id":"45441B39","chunk_id":"cah44nr5yjnjs","chunk_label":"unnamed-chunk-2"},{"row":100,"row_count":1,"visible":true,"expansion_state":0,"options":{"engine":"r","label":"unnamed-chunk-42","dev":"png"},"document_id":"45441B39","chunk_id":"ckxt09lnf2qfh","chunk_label":"unnamed-chunk-3"},{"row":127,"row_count":1,"visible":true,"expansion_state":0,"options":{"engine":"r","label":"unnamed-chunk-43","dev":"png"},"document_id":"45441B39","chunk_id":"cjhzj0o8a0me2","chunk_label":"unnamed-chunk-4"},{"row":133,"row_count":1,"visible":true,"expansion_state":0,"options":{"engine":"r","label":"unnamed-chunk-44","dev":"png"},"document_id":"45441B39","chunk_id":"cxspmq247i65d","chunk_label":"unnamed-chunk-5"},{"row":139,"row_count":1,"visible":true,"expansion_state":0,"options":{"engine":"r","label":"unnamed-chunk-45","dev":"png"},"document_id":"45441B39","chunk_id":"cljaew0iookqn","chunk_label":"unnamed-chunk-6"},{"row":157,"row_count":1,"visible":true,"expansion_state":0,"options":{"engine":"r","label":"unnamed-chunk-46","dev":"png"},"document_id":"45441B39","chunk_id":"cgpm7e3p3h1h5","chunk_label":"unnamed-chunk-7"}],"doc_write_time":1726393992,"working_dir":null,"default_chunk_options":{"echo":true}}